[
  {
    "content": "%HEADER%\n\n--------------------------------------------------------------------------------\n                        Laboration 1: Uppvärming \n--------------------------------------------------------------------------------\n\nGrupp: %GROUP%, inlämning 1\nResultat: accept\n\nBra men jag har en/några kommentar(er):\n--------------------------------------------------------------------------------\n\nBra jobbat!\n\n================================================================================\n<><><><><><><><><><><><><><><><><> Steg1.java <><><><><><><><><><><><><><><><><>\n================================================================================\n%FILE:  Steg1.java %\nAt L33:\n# Kod på formen:\n    if (a < b) {\n        return true;\n    } else {\n       return false;\n    }\nKan och bör skrivas:\n    return a < b;\n\n\n================================================================================\n<><><><><><><><><><><><><><><><><> Steg2.java <><><><><><><><><><><><><><><><><>\n================================================================================\n%FILE:  Steg2.java %\nAt L19:  \n* Titta gärna på String.split()\n\n#/= Variabler existerar bara i det block där de deklareras. Block är t.ex. klasser,\nloopar, if-satser och metoder.\nFörklaring (bild): https://i.imgur.com/cBVa9Gu.jpg\n\n%FOOTER%",
    "header": "Alla markeringar skall du rätta. Inga felanmärkningar skall naturligtvis  \nupprepas i senare labbar. Det kan också vara så att ni gjort samma typ av fel\nflera gånger. Samtliga ska rättas även om ni bara får en kommentar!\n\nTeckenförklaring:\n\"-\"\tallvarlig kommentar som antagligen har resulterat i en retur.\n\"=\"\tallvarlig kommentar som *inte* har resulterat i en return. Många \"=\" kan\n   \tockså resultera i en retur.\n\"#\"\tmindre allvarlig kommentar.\n\"*\"\tkommentar, behöver ej åtgärdas.\n\"+\"\textra bra\n\nFörstår du inte vad rättaren menar? Maila och fråga - vi bits inte :-)",
    "footer": "\nHälsningar,\n%NAME%",
    "teacher": "Richard Sundqvist",
    "group": "22",
    "assignment": "intro",
    "files": {
      "Steg1.java": "package labb1;\n\nimport javax.swing.*;\n\npublic class Steg1 {\n\tpublic static void main(String[] args) {\n\t\twhile(true) {\n\t\t\tString input = JOptionPane.showInputDialog(\"Skriv ett Ã¥rtal: \");\n\t\t\t\n\t\t\tif(input == null) {\n\t\t\t\tbreak;\n\t\t\t}\n\t\t\t\n\t\t\tint year;\n\t\t\t\n\t\t\ttry {\n\t\t\t\tyear = Integer.parseInt(input);\n\t\t\t} catch(Exception e) {\n\t\t\t\tJOptionPane.showMessageDialog(null, \"Ã…rtal mÃ¥ste ges som heltal. \");\n\t\t\t\tcontinue;\n\t\t\t}\n\t\t\t\n\t\t\tif(year < 1754) {\n\t\t\t\tJOptionPane.showMessageDialog(null, \"Ge ett Ã¥rtal efter 1754. SkottÃ¥r fanns inte fÃ¶re 1754 i Sverige.\");\n\t\t\t\tcontinue;\n\t\t\t}\n\t\t\t\n\t\t\tJOptionPane.showMessageDialog(null, isLeapYear(year) ? \"SkottÃ¥r\" : \"Inte skottÃ¥r\");\n\t\t}\n\t}\n\t\n\tpublic static boolean isLeapYear(int year) {\n\t\tif(year < 1754) \n\t\t\treturn false;\n\t\tif(year % 4 == 0 && year % 100 != 0 || year % 400 == 0) {\n\t\t\treturn true;\n\t\t}\n\t\treturn false;\n\t}\n}\n",
      "Steg2.java": "package labb1;\n\nimport javax.swing.JOptionPane;\n\npublic class Steg2 {\n\tpublic static void main(String[] args) {\n\t\twhile(true) {\n\t\t\tString input = JOptionPane.showInputDialog(\"Ange ett datum, format Ã¥Ã¥Ã¥Ã¥-mm-dd: \");\n\t\t\t\n\t\t\tif(input == null) {\n\t\t\t\tbreak;\n\t\t\t}\n\t\t\t\n\t\t\tint i = input.indexOf('-');\n\t\t\tif(i == -1) {\n\t\t\t\tinvalid();\n\t\t\t\tcontinue;\n\t\t\t}\n\t\t\tString yearS = input.substring(0, i);\n\t\t\tinput = input.substring(i + 1);\n\t\t\t\n\t\t\ti = input.indexOf('-');\n\t\t\tif(i == -1) {\n\t\t\t\tinvalid();\n\t\t\t\tcontinue;\n\t\t\t}\n\t\t\tString monthS = input.substring(0, i);\n\t\t\tString dayS = input.substring(i + 1);\n\t\t\t\n\t\t\tint year, month, day;\n\t\t\ttry {\n\t\t\t\tyear = Integer.parseInt(yearS);\n\t\t\t\tmonth = Integer.parseInt(monthS);\n\t\t\t\tday = Integer.parseInt(dayS);\n\t\t\t} catch(NumberFormatException e) {\n\t\t\t\tinvalid();\n\t\t\t\tcontinue;\n\t\t\t}\n\t\t\t\n\t\t\tif(year < 1754) {\n\t\t\t\tJOptionPane.showMessageDialog(null, \"Ge ett Ã¥rtal efter 1754. Kalendern var annorlunda fÃ¶re 1754 i Sverige.\");\n\t\t\t\tcontinue;\n\t\t\t}\n\t\t\t\n\t\t\tint dayN = getDayNumber(year, month, day);\n\t\t\tif(dayN == -1) {\n\t\t\t\tJOptionPane.showMessageDialog(null, \"Datumet existerar inte.\");\n\t\t\t\tcontinue;\n\t\t\t}\n\t\t\tJOptionPane.showMessageDialog(null, \"Dagens nummer Ã¤r \" + dayN);\n\t\t}\n\t}\n\t\n\tpublic static void invalid() {\n\t\tJOptionPane.showMessageDialog(null, \"Kunde inte tolka indatan som ett datum.\");\n\t}\n\t\n\tpublic static final int[] monthDayCount = new int[] {31, 28, 31, 30, 31, 30, 31, 31, 30, 31, 30, 31};\n\t\n\tpublic static int getDayNumber(int year, int month, int day) {\n\t\tif(month <= 0 || month > monthDayCount.length)\n\t\t\treturn -1;\n\t\tint days = monthDayCount[month - 1];\n\t\tif(Steg1.isLeapYear(year) && month == 2)\n\t\t\tdays++;\n\t\tif(day <= 0 || day > days)\n\t\t\treturn -1;\n\t\t\n\t\tint cDays = 0;\n\t\t\n\t\tfor(int i = 1; i < month; i++)\n\t\t\tcDays += monthDayCount[i - 1];\n\t\tif(month > 2 && Steg1.isLeapYear(year))\n\t\t\tcDays++;\n\t\treturn cDays + day;\n\t}\n}\n",
      "Steg3.java": "package labb1;\n\nimport javax.swing.JOptionPane;\n\npublic class Steg3 {\n\tpublic static final String[] dayNames = new String[] {\"MÃ¥ndag\", \"Tisdag\", \"Onsdag\", \"Torsdag\", \"Fredag\", \"LÃ¶rdag\", \"SÃ¶ndag\"};\n\t\n\tpublic static void main(String[] args) {\n\t\twhile(true) {\n\t\t\tString input = JOptionPane.showInputDialog(\"Ange ett datum, format Ã¥Ã¥Ã¥Ã¥-mm-dd: \");\n\t\t\tif(input == null) {\n\t\t\t\tbreak;\n\t\t\t}\n\t\t\t\n\t\t\tint i = input.indexOf('-');\n\t\t\tif(i == -1) {\n\t\t\t\tSteg2.invalid();\n\t\t\t\tcontinue;\n\t\t\t}\n\t\t\tString yearS = input.substring(0, i);\n\t\t\tinput = input.substring(i + 1);\n\t\t\t\n\t\t\ti = input.indexOf('-');\n\t\t\tif(i == -1) {\n\t\t\t\tSteg2.invalid();\n\t\t\t\tcontinue;\n\t\t\t}\n\t\t\tString monthS = input.substring(0, i);\n\t\t\tString dayS = input.substring(i + 1);\n\t\t\t\n\t\t\tint year, month, day;\n\t\t\ttry {\n\t\t\t\tyear = Integer.parseInt(yearS);\n\t\t\t\tmonth = Integer.parseInt(monthS);\n\t\t\t\tday = Integer.parseInt(dayS);\n\t\t\t} catch(NumberFormatException e) {\n\t\t\t\tSteg2.invalid();\n\t\t\t\tcontinue;\n\t\t\t}\n\t\t\t\n\t\t\tif(year < 1754) {\n\t\t\t\tJOptionPane.showMessageDialog(null, \"Ge ett Ã¥rtal efter 1754. Kalendern var annorlunda fÃ¶re 1754 i Sverige.\");\n\t\t\t\tcontinue;\n\t\t\t}\n\t\t\t\n\t\t\tint dayN = Steg2.getDayNumber(year, month, day);\n\t\t\tif(dayN == -1) {\n\t\t\t\tJOptionPane.showMessageDialog(null, \"Datumet existerar inte.\");\n\t\t\t\tcontinue;\n\t\t\t}\n\t\t\t\n\t\t\tint index = (dayN - 1 + yearDaysModulo7(year)) % 7;\n\n\t\t\tJOptionPane.showMessageDialog(null, \"Det Ã¤r en \" + dayNames[index]);\n\t\t}\n\t}\n\t\n\t//MÃ¥ndag: 0, tisdag: 1 osv\n\tpublic static int yearDaysModulo7(int year) {\n\t\tint days = 1;\n\t\tfor(int y = 1754; y < year; y++) {\n\t\t\tdays += Steg1.isLeapYear(y) ? 2 : 1;\n\t\t}\n\t\treturn days % 7;\n\t}\n\t\n}\n"
    },
    "done": true
  },
  {
    "content": "%HEADER%\n\n--------------------------------------------------------------------------------\n                        Laboration 1: Uppvärming \n--------------------------------------------------------------------------------\n\nGrupp: %GROUP%, inlämning 1\nResultat: retur\n\nBra men jag har en/några kommentar(er):\n--------------------------------------------------------------------------------\n\n\n================================================================================\n<><><><><><><><><><><><><><><><> Skotta_r2.java <><><><><><><><><><><><><><><><>\n================================================================================\n%FILE:  Skotta_r2.java %\nAt L31:\n- Indenteringen är inte korrekt. Möjligtvis blandar ni spaces och tabbar. Titta\ngärna på automatisk indentering i IDE:er såsom IntelliJ IDEA (Ctrl+Alt+L).\n\nAt L3:\n- Använd engelska identifierare för paket/klasser/variabler/funktioner. Svenska\när OK i strängar. Titta gärna på automatiska byten av namn i IDE:er såsom\nIntelliJ IDEA (Shift+F6). Detta kallas \"refactoring\" på engelska.\n\n================================================================================\n<><><><><><><><><><><><><><><><> Skotta_r3.java <><><><><><><><><><><><><><><><>\n================================================================================\n%FILE:  Skotta_r3.java %\nAt L76, L38:\n= Att hålla på att skriva saker för hand såhär blir snabbt tidskrävande. Titta gärna på hur ni skulle  använda\narrayer för att lösa detta mer koncist.\n\n%FOOTER%",
    "header": "Alla markeringar skall du rätta. Inga felanmärkningar skall naturligtvis  \nupprepas i senare labbar. Det kan också vara så att ni gjort samma typ av fel\nflera gånger. Samtliga ska rättas även om ni bara får en kommentar!\n\nTeckenförklaring:\n\"-\"\tallvarlig kommentar som antagligen har resulterat i en retur.\n\"=\"\tallvarlig kommentar som *inte* har resulterat i en return. Många \"=\" kan\n   \tockså resultera i en retur.\n\"#\"\tmindre allvarlig kommentar.\n\"*\"\tkommentar, behöver ej åtgärdas.\n\"+\"\textra bra\n\nFörstår du inte vad rättaren menar? Maila och fråga - vi bits inte :-)",
    "footer": "\nHälsningar,\n%NAME%",
    "teacher": "Richard Sundqvist",
    "group": "38",
    "assignment": "intro",
    "files": {
      "Skotta_r2.java": "import javax.swing.*;\n\npublic class SkottÃ¥r2 {\n  public static void main (String[] arg) {\n   while (true) { \n    String s = JOptionPane.showInputDialog(\"Skriv ett datum pÃ¥ formen Ã¥Ã¥Ã¥Ã¥-mm-dd\");\n      if (s==null)\n      break;\n      \n   String s1= s.substring(0,4); // Ã¥r\n   String s2= s.substring(5,7); // mÃ¥nader\n   String s3= s.substring(8,10); // dagar\n    \n    int Ã¥r = Integer.parseInt(s1);\n    int mÃ¥n = Integer.parseInt(s2);\n    int dag = Integer.parseInt(s3);\n    int dagar=0;\n    int h;\n    \n    \n    int rest = Ã¥r%4;\n    int rest2 = Ã¥r%100;\n    int rest3 = Ã¥r%400; \n    if (rest == 0 && rest2!=0 || rest3 == 0) \n    h=1;\n    else \n    h=0;   \n    \n    \n    if (mÃ¥n == 1)\n    dagar=dag;\n    \n    if (mÃ¥n==2)\n    dagar = 31+dag;\n    \n    if (mÃ¥n==3)\n    dagar = 59+dag+h;\n    \n    if (mÃ¥n==4)\n    dagar = 90+dag+h;\n    \n    if (mÃ¥n==5)\n    dagar=120+dag+h;\n    \n    if (mÃ¥n==6)\n    dagar=(151+dag+h);\n    \n    if (mÃ¥n==7)\n    dagar=(181+dag+h);\n    \n    if (mÃ¥n==8)\n    dagar=(212+dag+h);\n    \n    if (mÃ¥n==9)\n    dagar=(243+dag+h);\n    \n    if (mÃ¥n==10)\n    dagar=(273+dag+h);\n    \n    if (mÃ¥n==11)\n    dagar=(304+dag+h);\n    \n    if (mÃ¥n==12)\n    dagar=(334+dag+h);\n    \n    \n    JOptionPane.showMessageDialog(null, \"Dagens nummer Ã¤r \" + dagar);\n       }\n       }\n    }\n    \n    \n",
      "Skotta_r.java": "    // Filen SkottÃ¥r.java\n\nimport javax.swing.*;\n\npublic class SkottÃ¥r {\n  public static void main (String[] arg) {\n    while (true) { \n    String s = JOptionPane.showInputDialog(\"Skriv ett Ã¥r\");\n    if (s==null)\n    break;\n    int Ã¥r = Integer.parseInt(s);\n    int rest = Ã¥r%4;\n    int rest2 = Ã¥r%100;\n    int rest3 = Ã¥r%400; \n    if (rest == 0 && rest2!=0 || rest3 == 0)\n    JOptionPane.showMessageDialog(null, \"SkottÃ¥r\");    \n    else \n    JOptionPane.showMessageDialog(null, \"Inte SkottÃ¥r\"); \n    }\n    }\n    }\n    \n    \n    \n",
      "Skotta_r3.java": "import javax.swing.*;\n\npublic class SkottÃ¥r3 {\n  public static void main (String[] arg) {\n   while (true) { \n    String s = JOptionPane.showInputDialog(\"Skriv ett datum pÃ¥ formen Ã¥Ã¥Ã¥Ã¥-mm-dd\");\n      if (s==null)\n      break;\n      \n   String s1= s.substring(0,4); // Ã¥r\n   String s2= s.substring(5,7); // mÃ¥nader\n   String s3= s.substring(8,10); // dagar\n    \n    int Ã¥r = Integer.parseInt(s1);\n    int mÃ¥n = Integer.parseInt(s2);\n    int dag = Integer.parseInt(s3);\n    int dagar=0;\n    int h;\n    \n    \n    int rest = Ã¥r%4;\n    int rest2 = Ã¥r%100;\n    int rest3 = Ã¥r%400; \n    if (rest == 0 && rest2!=0 || rest3 == 0) \n    h=1;\n    else \n    h=0;   \n    \n    \n    \n    for (int i= 1754; i<Ã¥r; i++)\n    if ( i%4 == 0 && i%100 != 0 || i%400 == 0) \n    dagar=dagar+366;\n    else \n    dagar=dagar+365;\n    \n   \n    if (mÃ¥n == 1)\n    dagar =dag+dagar;\n    \n    if (mÃ¥n==2)\n    dagar = 31+dag+dagar;\n    \n    if (mÃ¥n==3)\n    dagar = 59+dag+h+dagar;\n    \n    if (mÃ¥n==4)\n    dagar = 90+dag+h+dagar;\n    \n    if (mÃ¥n==5)\n    dagar=120+dag+h+dagar;\n    \n    if (mÃ¥n==6)\n    dagar=(151+dag+h+dagar);\n    \n    if (mÃ¥n==7)\n    dagar=(181+dag+h+dagar);\n    \n    if (mÃ¥n==8)\n    dagar=(212+dag+h+dagar);\n    \n    if (mÃ¥n==9)\n    dagar=(243+dag+h+dagar);\n    \n    if (mÃ¥n==10)\n    dagar=(273+dag+h+dagar);\n    \n    if (mÃ¥n==11)\n    dagar=(304+dag+h+dagar);\n    \n    if (mÃ¥n==12)\n    dagar=(334+dag+h+dagar);\n    \n    \n    \n    if (dagar%7==0)\n    JOptionPane.showMessageDialog(null, \"Det Ã¤r en mÃ¥ndag\");\n    \n    if (dagar%7==1)\n    JOptionPane.showMessageDialog(null, \"Det Ã¤r en tisdag\");\n \n    if (dagar%7==2)\n    JOptionPane.showMessageDialog(null, \"Det Ã¤r en onsdag\");\n    \n    if (dagar%7==3)\n    JOptionPane.showMessageDialog(null, \"Det Ã¤r en torsdag\");\n    \n    if (dagar%7==4)\n    JOptionPane.showMessageDialog(null, \"Det Ã¤r en fredag\");\n    \n    if (dagar%7==5)\n    JOptionPane.showMessageDialog(null, \"Det Ã¤r en lÃ¶rdag\");\n   \n    if (dagar%7==6)\n    JOptionPane.showMessageDialog(null, \"Det Ã¤r en sÃ¶ndag\");\n    \n    \n       }\n       }\n    }\n    \n    \n"
    },
    "done": true
  },
  {
    "content": "%HEADER%\n\n--------------------------------------------------------------------------------\n                        Laboration 1: Uppvärming \n--------------------------------------------------------------------------------\n\nGrupp: %GROUP%, inlämning 1\nResultat: retur\n\nBra men jag har en/några kommentar(er):\n--------------------------------------------------------------------------------\n\n\n================================================================================\n<><><><><><><><><><><><><><><><><> First.java <><><><><><><><><><><><><><><><><>\n================================================================================\n%FILE:  First.java %\nAt L11:\n# Kod på formen:\n\tif (A) do x;\n\telse if (B) do x;\nKan och bör skrivas:\n\tif (A || B) do x;\n\nAt L12:\n- Indenteringen är inte korrekt. Möjligtvis blandar ni spaces och tabbar. Titta\ngärna på automatisk indentering i IDE:er såsom IntelliJ IDEA (Ctrl+Alt+L).\n\nAt L7:  \n# Använd while(true) om \"run\" inte ska användas till något annat.\n\n\n================================================================================\n<><><><><><><><><><><><><><><><> Second.java  <><><><><><><><><><><><><><><><><>\n================================================================================\n%FILE:  Second.java  %\nAt L8:\n# Att använda två arrayer för skottår/inte skottår är inte särskilt snyggt.\nLägg hellre till en dag om månaden överstiger februari och året som utvärderas är skottår.\n\n%FOOTER%",
    "header": "Alla markeringar skall du rätta. Inga felanmärkningar skall naturligtvis  \nupprepas i senare labbar. Det kan också vara så att ni gjort samma typ av fel\nflera gånger. Samtliga ska rättas även om ni bara får en kommentar!\n\nTeckenförklaring:\n\"-\"\tallvarlig kommentar som antagligen har resulterat i en retur.\n\"=\"\tallvarlig kommentar som *inte* har resulterat i en return. Många \"=\" kan\n   \tockså resultera i en retur.\n\"#\"\tmindre allvarlig kommentar.\n\"*\"\tkommentar, behöver ej åtgärdas.\n\"+\"\textra bra\n\nFörstår du inte vad rättaren menar? Maila och fråga - vi bits inte :-)",
    "footer": "\nHälsningar,\n%NAME%",
    "teacher": "Richard Sundqvist",
    "group": "64",
    "assignment": "intro",
    "files": {
      "First.java": "import javax.swing.JOptionPane;\n\npublic class First {\n\tpublic static void main (String[] args) {\n\t\tboolean run=true;\n\t\t\n\t\twhile(run){\n\t\t\tString s = JOptionPane.showInputDialog(\"Skriv ett årtal.\");\n\t\t\tint ar = Integer.parseInt(s);\n\t\t\n\t\t\tif (ar%4==0 && ar%100!=0){\n\t\t\tJOptionPane.showMessageDialog(null,\"Året \" + ar + \" är ett skottår!\");\n\t\t\t}else if(ar%400==0){\n\t\t\tJOptionPane.showMessageDialog(null,\"Året \" + ar + \" är ett skottår!\");\n\t\t\t}else{ \n\t\t\tJOptionPane.showMessageDialog(null,\"Året \" + ar + \" är inte ett skottår!\");\n\t\t\t}\n\t\t}\n\t\t\n\t}\n\n}\n",
      "Second.java": "import javax.swing.*;\n\npublic class Second {\n\tpublic static void main(String[] args){\n\t\t\n\t\tboolean run=true;\n\t\tint dagarskott[]={31,29,31,30,31,30,31,31,30,31,30,31};\n\t\tint dagarv[]={31,28,31,30,31,30,31,31,30,31,30,31};\n\t\t\t\t\n\t\twhile(run){\n\t\t\tint S = 0;\n\t\t\tString s = JOptionPane.showInputDialog(\"Skriv ett datum på formen: åååå-mm-dd\");\n\t\t\tString ars = s.substring(0,4);\n\t\t\tString ms = s.substring(5,7);\n\t\t\tString ds = s.substring(8,10);\n\t\t\t\n\t\t\tint ar = Integer.parseInt(ars);\n\t\t\tint m = Integer.parseInt(ms);\n\t\t\tint d = Integer.parseInt(ds);\n\t\t\t\n\t\t\tif (ar%4==0 && ar%100!=0){\n\t\t\t\tfor(int i=m-1; i>=1; --i){\n\t\t\t\t\tS+=dagarskott[i-1];\n\t\t\t\t}\n\t\t\t\tS+=d;\n\t\t\t\tJOptionPane.showMessageDialog(null,\"Datumet är dag \" + S + \" av 366.\");\n\t\t\t}else if(ar%400==0){\n\t\t\t\tfor(int i=m-1; i>=1; --i){\n\t\t\t\t\tS+=dagarskott[i-1];\n\t\t\t\t}\n\t\t\t\tS+=d;\n\t\t\t\tJOptionPane.showMessageDialog(null,\"Datumet är dag \" + S + \" av 366.\");\n\t\t\t}else{ \n\t\t\t\tfor(int i=m-1; i>=1; --i){\n\t\t\t\t\tS+=dagarv[i-1];\n\t\t\t\t}\n\t\t\t\tS+=d;\n\t\t\t\tJOptionPane.showMessageDialog(null,\"Datumet är dag \" + S + \" av 365.\");\n\t\t\t}\n\t\t}\n\t}\n}\n",
      "Third.java": "import javax.swing.JOptionPane;\n\npublic class Third {\n\tpublic static void main(String[] args){\n\t\t\n\t\tboolean run=true;\n\t\tString veckodagar[]={\"Måndag\",\"Tisdag\",\"Onsdag\",\"Torsdag\",\"Fredag\",\"Lördag\",\"Söndag\"};\n\t\tint dagarskott[]={31,29,31,30,31,30,31,31,30,31,30,31};\n\t\tint dagarv[]={31,28,31,30,31,30,31,31,30,31,30,31};\n\t\t\t\t\n\t\twhile(run){\n\t\t\tint S=0;\n\t\t\tString s = JOptionPane.showInputDialog(\"Skriv ett datum på formen: åååå-mm-dd\");\n\t\t\tString ars = s.substring(0,4);\n\t\t\tString ms = s.substring(5,7);\n\t\t\tString ds = s.substring(8,10);\n\t\t\t\n\t\t\tint ar = Integer.parseInt(ars);\n\t\t\tint m = Integer.parseInt(ms);\n\t\t\tint d = Integer.parseInt(ds);\n\t\t\t\n\t\t\tfor(int c=ar-1;c>=1754;c--){\n\t\t\t\tif (c%4==0 && c%100!=0){\n\t\t\t\t\tS+=366;\n\t\t\t\t\t}else if(c%400==0){\n\t\t\t\t\tS+=366;\n\t\t\t\t\t}else{ \n\t\t\t\t\tS+=365;\n\t\t\t\t\t}\n\t\t\t}\n\t\t\t\n\t\t\t if (ar%4==0 && ar%100!=0){\n\t\t\t\tfor(int i=m-1; i>=1; --i){\n\t\t\t\t\tS+=dagarskott[i-1];\n\t\t\t\t}\n\t\t\t\tS+=d;\n\t\t\t\tJOptionPane.showMessageDialog(null,\"Datumet är dag \" + S + \" av 366.\");\n\t\t\t}else if(ar%400==0){\n\t\t\t\tfor(int i=m-1; i>=1; --i){\n\t\t\t\t\tS+=dagarskott[i-1];\n\t\t\t\t}\n\t\t\t\tS+=d;\n\t\t\t\tJOptionPane.showMessageDialog(null,\"Datumet är dag \" + S + \" av 366.\");\n\t\t\t}else{ \n\t\t\t\tfor(int i=m-1; i>=1; --i){\n\t\t\t\t\tS+=dagarv[i-1];\n\t\t\t\t}\n\t\t\t\tS+=d;\n\t\t\t}\n\t\t\t\tint p = S%7;\n\t\t\t\tString dag = veckodagar[p];\n\t\t\t\tJOptionPane.showMessageDialog(null, \"Dagen är en \" + dag + \".\");\n\t\t\t\tSystem.out.print(S);\n\t\t\t\n\t\t}\n\t}\n}\n\n\n"
    },
    "done": true
  },
  {
    "content": "%HEADER%\n\n--------------------------------------------------------------------------------\n                        Laboration 1: Uppvärming \n--------------------------------------------------------------------------------\n\nGrupp: %GROUP%, inlämning 1\nResultat: retur\n\nBra men jag har en/några kommentar(er):\n--------------------------------------------------------------------------------\n\n\n\n================================================================================\n<><><><><><><><><><><><><><><><><> labb1.java <><><><><><><><><><><><><><><><><>\n================================================================================\n%FILE:  labb1.java %\nAt L17:  \n# if (year%100 ==0 && year%400 == 0): year%400 => year%100. year%100 behöver ni alltså inte testa\ni det fallet.\n\nAt L7:\n- Indenteringen är inte korrekt. Möjligtvis blandar ni spaces och tabbar. Titta\ngärna på automatisk indentering i IDE:er såsom IntelliJ IDEA (Ctrl+Alt+L).\n\n\n================================================================================\n<><><><><><><><><><><><><><><> labb1_del2.java  <><><><><><><><><><><><><><><><>\n================================================================================\n%FILE:  labb1_del2.java  %\nAt L17:\n# Kod på formen:\n    if (a < b) {\n        return true;\n    } else {\n       return false;\n    }\nKan och bör skrivas:\n    return a < b;\n\n\n================================================================================\n<><><><><><><><><><><><><><><><><> del_3.java <><><><><><><><><><><><><><><><><>\n================================================================================\n%FILE:  del_3.java %\nAt L12:\n#/= Följ konvention för identifierare av variabler/metoder/klasser i Java.\n    KONSTANT:   public static final int MY_INTEGER_CONSTANT = 0;\n    FÄLT:       private int myIntegerField = 0;\n    PARAMETER:  public void myMethod (int myIntegerParameter)\n    METOD:      public void myOtherMethod()\n    KLASS:      public class MyClass\n\n\nAt L5:\n- Använd engelska identifierare för paket/klasser/variabler/funktioner. Svenska\när OK i strängar. Titta gärna på automatiska byten av namn i IDE:er såsom\nIntelliJ IDEA (Shift+F6). Detta kallas \"refactoring\" på engelska.\n\n%FOOTER%",
    "header": "Alla markeringar skall du rätta. Inga felanmärkningar skall naturligtvis  \nupprepas i senare labbar. Det kan också vara så att ni gjort samma typ av fel\nflera gånger. Samtliga ska rättas även om ni bara får en kommentar!\n\nTeckenförklaring:\n\"-\"\tallvarlig kommentar som antagligen har resulterat i en retur.\n\"=\"\tallvarlig kommentar som *inte* har resulterat i en return. Många \"=\" kan\n   \tockså resultera i en retur.\n\"#\"\tmindre allvarlig kommentar.\n\"*\"\tkommentar, behöver ej åtgärdas.\n\"+\"\textra bra\n\nFörstår du inte vad rättaren menar? Maila och fråga - vi bits inte :-)",
    "footer": "\nHälsningar,\n%NAME%",
    "teacher": "Richard Sundqvist",
    "group": "7",
    "assignment": "intro",
    "files": {
      "labb1.java": "package laboration_1;\nimport javax.swing.*;\npublic class labb1 {\n\n\tpublic static void main (String[] arg) {\n\t\tfor(;;) {\n\t\tString indata = JOptionPane.showInputDialog(\"Skriv ett Ã¥rtal\");\n\t\tif (indata != null)\n\t\t\tJOptionPane.showMessageDialog(null, UndersÃ¶kSkottÃ¥r(Integer.parseInt(indata)));\n\t\telse\n\t\t\tbreak;\n\t\t}\n\t}\n\t\n\tpublic static String UndersÃ¶kSkottÃ¥r(int year) {\n\t\tif ((year%4 == 0 && year%100 != 0)||\n\t\t\t\t(year%100 ==0 && year%400 == 0)) {\n\t\t\treturn \"SkottÃ¥r!\";\n\t\t} else\n\t\t\treturn \"Inte skottÃ¥r!\";\n\t}\n}\n",
      "labb1_del2.java": "package laboration_1_del2;\nimport javax.swing.*;\npublic class labb1_del2 {\n\n\tpublic static void main (String[] arg) {\n\t\tfor(;;) {\n\t\tString indata = JOptionPane.showInputDialog(\"\"\n\t\t\t\t+ \"Skriv ett datum pÃ¥ formen Ã¥Ã¥Ã¥Ã¥-mm-dd\");\n\t\tif (indata != null)\n\t\t\tRaknaDagar(indata);\n\t\telse\n\t\t\tbreak;\n\t\t}\n\t}\n\t\n\tpublic static boolean UndersÃ¶kSkottÃ¥r(int year) {\n\t\tif ((year%4 == 0 && year%100 != 0)||\n\t\t\t\t(year%100 ==0 && year%400 == 0)) {\n\t\t\treturn true;\n\t\t} else\n\t\t\treturn false;\n\t}\n\t\n\tpublic static void RaknaDagar(String indata) {\n\t\tint _Ã¥rtal_ = Integer.parseInt(indata.substring(0, 4));\n\t\tint _mÃ¥nad_ = Integer.parseInt(indata.substring(5, 7));\n\t\tint _dag_ = Integer.parseInt(indata.substring(8, 10));\n\t\tint mÃ¥nader[] = {31,28,31,30,31,30,31,31,30,31,30,31};\n\t\t\n\t\tint antalDagar = _dag_;\n\t\tfor(int i = 1; i<_mÃ¥nad_; i++) {\n\t\t\tantalDagar = antalDagar + mÃ¥nader[i];\n\t\t}\n\t\tif (_mÃ¥nad_ > 2 && UndersÃ¶kSkottÃ¥r(_Ã¥rtal_) == true) {\n\t\t\tantalDagar++;\n\t\t}\n\t\t\n\t\tJOptionPane.showMessageDialog(null, \n\t\t\t\t\"Dagens nummer Ã¤r \" + antalDagar);\n\t}\n}\n",
      "del_3.java": "package laboration_1_del_3;\nimport javax.swing.*;\npublic class del_3 {\n\n\tfinal static int defaultÃ…rtal = 1754;\n\t\n\tpublic static void main (String[] arg) {\n\t\tfor(;;) {\n\t\tString indata = JOptionPane.showInputDialog(\"\"\n\t\t\t\t+ \"Skriv ett datum pÃ¥ formen Ã¥Ã¥Ã¥Ã¥-mm-dd\");\n\t\tif (indata != null)\n\t\t\tRaknaDagar(indata);\n\t\telse\n\t\t\tbreak;\n\t\t}\n\t}\n\t\n\tpublic static boolean UndersÃ¶kSkottÃ¥r(int year) {\n\t\tif ((year%4 == 0 && year%100 != 0)||\n\t\t\t\t(year%100 ==0 && year%400 == 0)) {\n\t\t\treturn true;\n\t\t} else\n\t\t\treturn false;\n\t}\n\t\n\tpublic static String VeckoDag(int i) {\n\t\tswitch(i) {\n\t\tcase 0:\n\t\t\treturn \"mÃ¥ndag\";\n\t\tcase 1:\n\t\t\treturn \"tisdag\";\n\t\tcase 2:\n\t\t\treturn \"onsdag\";\n\t\tcase 3:\n\t\t\treturn \"torsdag\";\n\t\tcase 4:\n\t\t\treturn \"fredag\";\n\t\tcase 5:\n\t\t\treturn \"lÃ¶rdag\";\n\t\tcase 6:\n\t\t\treturn \"sÃ¶ndag\";\n\t\tdefault:\n\t\t\treturn null;\n\t\t}\n\t}\n\t\n\tpublic static void RaknaDagar(String indata) {\n\n\t\tint _Ã¥rtal_ = Integer.parseInt(indata.substring(0, 4));\n\t\tint _mÃ¥nad_ = Integer.parseInt(indata.substring(5, 7));\n\t\tint _dag_ = Integer.parseInt(indata.substring(8, 10));\n\t\tint mÃ¥nader[] = {31,28,31,30,31,30,31,31,30,31,30,31};\n\t\t\n\t\tint antalDagar = _dag_; //antal dagar denna mÃ¥nad,\n\t\t\t\t\t\t\t\t//och alla dagar tidigare mÃ¥nader detta Ã¥r\n\t\t\n\t\tfor(int i = 0; i<_mÃ¥nad_-1; i++) {\n\t\t\tantalDagar = antalDagar + mÃ¥nader[i];\n\t\t}\n\t\t\n\t\tif (_mÃ¥nad_ > 2 && UndersÃ¶kSkottÃ¥r(_Ã¥rtal_) == true) {\n\t\t\tantalDagar++;\n\t\t}\n\t\t\n\t\tint skottÃ¥r = 0; //antalet skottÃ¥r\n\t\tfor(int c=defaultÃ…rtal; c<_Ã¥rtal_; c++)\n\t\t{\n\t\t\tif (UndersÃ¶kSkottÃ¥r(c) == true) {\n\t\t\t\tskottÃ¥r++;\n\t\t\t}\n\t\t}\n\t\t\n\t\tint totaltAntalDagar = antalDagar + (skottÃ¥r*366) \n\t\t\t\t+ (_Ã¥rtal_-defaultÃ…rtal-skottÃ¥r)*365;\n\t\t\n\t\tint veckodag = totaltAntalDagar%7;\n\t\t\n\t\tJOptionPane.showMessageDialog(null, \n\t\t\t\t\t\t\"Det Ã¤r en \" + VeckoDag(veckodag));\n\t\t\n\t}\n}\n"
    },
    "done": true
  },
  {
    "content": "%HEADER%\n\n--------------------------------------------------------------------------------\n                        Laboration 1: Uppvärming \n--------------------------------------------------------------------------------\n\nGrupp: %GROUP%, inlämning 1\nResultat: retur\n\nBra men jag har en/några kommentar(er):\n--------------------------------------------------------------------------------\n\n\n================================================================================\n<><><><><><><><><><><><><><><> Laboration1.java <><><><><><><><><><><><><><><><>\n================================================================================\n%FILE:  Laboration1.java %\nAt L19:  \n# I Java brukar man kalla metoder av den här typen isLeapyear(), isPrime(), etc.\n\n================================================================================\n<><><><><><><><><><><><><><><><> LeapYear.java  <><><><><><><><><><><><><><><><>\n================================================================================\n%FILE:  LeapYear.java  %\nAt L4:\n# Kod på formen:\n    if (a < b) {\n        return true;\n    } else {\n       return false;\n    }\nKan och bör skrivas:\n    return a < b;\n\nAt L8:\n- Indenteringen är inte korrekt. Möjligtvis blandar ni spaces och tabbar. Titta\ngärna på automatisk indentering i IDE:er såsom IntelliJ IDEA (Ctrl+Alt+L).\n\n\n================================================================================\n<><><><><><><><><><><><><><><> Laboration1b.java  <><><><><><><><><><><><><><><>\n================================================================================\n%FILE:  Laboration1b.java  %\nAt L27:  \n* Kan skriva if (!checkyear), ekvivalent med ff (checkyear == false)\n%FOOTER%",
    "header": "Alla markeringar skall du rätta. Inga felanmärkningar skall naturligtvis  \nupprepas i senare labbar. Det kan också vara så att ni gjort samma typ av fel\nflera gånger. Samtliga ska rättas även om ni bara får en kommentar!\n\nTeckenförklaring:\n\"-\"\tallvarlig kommentar som antagligen har resulterat i en retur.\n\"=\"\tallvarlig kommentar som *inte* har resulterat i en return. Många \"=\" kan\n   \tockså resultera i en retur.\n\"#\"\tmindre allvarlig kommentar.\n\"*\"\tkommentar, behöver ej åtgärdas.\n\"+\"\textra bra\n\nFörstår du inte vad rättaren menar? Maila och fråga - vi bits inte :-)",
    "footer": "\nHälsningar,\n%NAME%",
    "teacher": "Richard Sundqvist",
    "group": "69",
    "assignment": "intro",
    "files": {
      "Laboration1b.java": "import javax.swing.JOptionPane;\n\npublic class Laboration1b {\n\n\tpublic static void main(String[] args) {\n\t\t// TODO Auto-generated method stub\n\t\tString s = JOptionPane.showInputDialog(\"Skriv ett datum pÃ¥ formen Ã¥Ã¥Ã¥Ã¥-mm-dd\");\n\t\tif(s == null){\n\t\t\tJOptionPane.showMessageDialog(null, \"Hej dÃ¥!\");\n\t\t\treturn;\n\t\t}\n\t\tString yearString = s.substring(0, 4);\n\t\tString monthString = s.substring(5, 7);\n\t\tString dayString = s.substring(8,  10);\n\t\t\n\t\tint year = Integer.parseInt(yearString);\n\t\tint month = Integer.parseInt(monthString);\n\t\tint days = Integer.parseInt(dayString);\n\t\tint answer;\n\t\t\n\t\tif(month > 12) {\n\t\t\tJOptionPane.showMessageDialog(null, \"Det finns bara 12 mÃ¥nader pÃ¥ Ã¥ret!\");\n\t\t\treturn;\n\t\t}\n\t\t\n\t\tboolean checkYear = LeapYear.leapYear(year);\n\t\tif(checkYear == false) {\n\t\t\tanswer = CalculateDays.calculate(year, month, days);\n\t\t\tJOptionPane.showMessageDialog(null, \"Dagens nummer Ã¤r \" + answer);\n\t\t}\n\t\telse {\n\t\t\tanswer = CalculateDays.calculateLeap(year, month, days);\n\t\t\tJOptionPane.showMessageDialog(null, \"Dagens nummer Ã¤r \" + answer);\n\t\t}\n\n\t}\n\n}\n",
      "Laboration1c.java": "import javax.swing.JOptionPane;\n\npublic class Laboration1c {\n\n\tpublic static void main(String[] args) {\n\t\t// TODO Auto-generated method stub\n\t\tString s = JOptionPane.showInputDialog(\"Skriv ett datum pÃ¥ formen Ã¥Ã¥Ã¥Ã¥-mm-dd\");\n\t\tif(s == null){\n\t\t\tJOptionPane.showMessageDialog(null, \"Hej dÃ¥!\");\n\t\t\treturn;\n\t\t}\n\t\tString yearString = s.substring(0, 4);\n\t\tString monthString = s.substring(5, 7);\n\t\tString dayString = s.substring(8,  10);\n\t\t\n\t\tint year = Integer.parseInt(yearString);\n\t\tint month = Integer.parseInt(monthString);\n\t\tint days = Integer.parseInt(dayString);\n\t\tString answer;\n\t\t\n\t\tif(month > 12) {\n\t\t\tJOptionPane.showMessageDialog(null, \"Det finns bara 12 mÃ¥nader pÃ¥ Ã¥ret!\");\n\t\t\treturn;\n\t\t}\n\t\t\n\t\tanswer = WeekDays.whichDay(year, month, days);\n\t\tJOptionPane.showMessageDialog(null, \"Det Ã¤r en \" + answer);\n\n\t}\n\n}\n",
      "CalculateDays.java": "\npublic class CalculateDays {\n\t\n\tpublic static int calculate(int year, int month, int days) {\n\t\tint sum = 0;\n\t\tint[] yearNotLeap = {31, 28, 31, 30, 31, 30, 31, 31, 30, 31, 30, 31};\n\n\t\tfor (int i = 0; i < month-1; i++) {\n\t\tsum = sum + yearNotLeap[i];\n\t}\t\n\t\tsum = sum + days;\n\t\t\n\t\treturn sum;\n\t}\n\t\n\tpublic static int calculateLeap(int year, int month, int days) {\n\t\tint sum = 0;\n\t\tint[] yearLeap = {31, 29, 31, 30, 31, 30, 31, 31, 30, 31, 30, 31};\n\t\tfor (int i = 0; i < month-1; i++) {\n\t\t\tsum = sum + yearLeap[i];\n\t\t}\t\n\t\t\tsum = sum + days;\n\t\t\t\n\t\t\treturn sum;\n\t}\n}\n",
      "WeekDays.java": "\n\npublic class WeekDays {\n\tpublic static String whichDay(int year, int month, int days) {\n\t\tdouble sum = 0;\n\t\tint difference = year-1754-1; //antal Ã¥r frÃ¥n 1754 till det inskrivna Ã¥ret-1\n\t\t\n\t\tsum = difference*365; //antal dagar pÃ¥ dessa Ã¥r utan skottdagar\n\t\t\n\t\tdifference = difference-2; //antal Ã¥r sedan fÃ¶rsta skottÃ¥ret 1756\n\t\t\n\t\tdouble leap = (difference/4);\n\t\tdouble rest = difference % 4;\n\t\t\n\t\tdouble numberLeap = leap - rest;\n\t\t\n\t\tsum = sum + numberLeap;\n\t\t\n\t\tint numberDays;\n\t\t\n\t\tboolean checkYear = LeapYear.leapYear(year);\n\t\tif(checkYear == false) {\n\t\t\tnumberDays = CalculateDays.calculate(year, month, days);\n\n\t\t}\n\t\telse {\n\t\t\tnumberDays = CalculateDays.calculateLeap(year, month, days);\n\t\t}\n\t\t\n\t\tsum = sum + numberDays;\n\t\t\n\t\tif(sum % 7 == 0){\n\t\t\treturn \"mÃ¥ndag\";\n\t\t}\n\t\telse if(sum % 7 == 1){\n\t\t\treturn \"tisdag\";\n\t\t}\n\t\telse if(sum % 7 == 2){\n\t\t\treturn \"onsdag\";\n\t\t}\n\t\telse if(sum % 7 == 3){\n\t\t\treturn \"torsdag\";\n\t\t}\n\t\telse if(sum % 7 == 4){\n\t\t\treturn \"fredag\";\n\t\t}\n\t\telse if(sum % 7 == 5){\n\t\t\treturn \"lÃ¶rdag\";\n\t\t}\n\t\telse if(sum % 7 == 6){\n\t\t\treturn \"sÃ¶ndag\";\n\t\t}\n\t\telse return \"Error\";\n\t\t\n\t}\n}\n",
      "LeapYear.java": "\npublic class LeapYear {\n\tpublic static boolean leapYear(int year2) {\n\t\tif((year2 % 4 == 0 || year2 % 400 == 0) && year2 % 100 !=0) {\n\t\t\treturn true;\n\t\t}\n\t\telse\n\t\treturn false;\n\t}\n}\n",
      "Laboration1.java": "import javax.swing.JOptionPane;\n\npublic class Laboration1 {\n\n\tpublic static void main(String[] args) {\n\t\t// TODO Auto-generated method stub\n\t\t\n\t\tString s = JOptionPane.showInputDialog(\"Skriv ett Ã¥rtal efter 1754\");\n\t\tif(s == null) {\n\t\t\tJOptionPane.showMessageDialog(null, \"Hoppsan, nÃ¥got gick fel!\");\n\t\t}\n\t\tint year = Integer.parseInt(s);\n\t\t\n\t\tif(year < 1754) {\n\t\t\tJOptionPane.showMessageDialog(null, \"Du fÃ¶ljde inte instruktionerna va?\");\n\t\t\treturn;\n\t\t}\n\t\t\n\t\tboolean check = LeapYear.leapYear(year);\n\t\tif(check == true) {\n\t\t\tJOptionPane.showMessageDialog(null, \"SkottÃ¥r!\");\n\t\t\t\n\t\t}\n\t\telse if(check == false) {\n\t\t\tJOptionPane.showMessageDialog(null, \"Inte skottÃ¥r\");\n\t\t}\n\n\t}\n\t\n\t\n\n}\n"
    },
    "done": true
  },
  {
    "content": "%HEADER%\n\n--------------------------------------------------------------------------------\n                        Laboration 1: Uppvärming \n--------------------------------------------------------------------------------\n\nGrupp: %GROUP%, inlämning 1\nResultat: accept\n\nBra men jag har en/några kommentar(er):\n--------------------------------------------------------------------------------\n\nBra jobbat!\n\n%FOOTER%",
    "header": "Alla markeringar skall du rätta. Inga felanmärkningar skall naturligtvis  \nupprepas i senare labbar. Det kan också vara så att ni gjort samma typ av fel\nflera gånger. Samtliga ska rättas även om ni bara får en kommentar!\n\nTeckenförklaring:\n\"-\"\tallvarlig kommentar som antagligen har resulterat i en retur.\n\"=\"\tallvarlig kommentar som *inte* har resulterat i en return. Många \"=\" kan\n   \tockså resultera i en retur.\n\"#\"\tmindre allvarlig kommentar.\n\"*\"\tkommentar, behöver ej åtgärdas.\n\"+\"\textra bra\n\nFörstår du inte vad rättaren menar? Maila och fråga - vi bits inte :-)",
    "footer": "\nHälsningar,\n%NAME%",
    "teacher": "Richard Sundqvist",
    "group": "80",
    "assignment": "intro",
    "files": {
      "DayNumber.java": "import static javax.swing.JOptionPane.*;\n\npublic class DayNumber {\n   public static void main(String[] arg){\n      \n      String inData;\n      int[] daysInMonth = {31, 28, 31, 30, 31, 30, 31, 31, 30, 31, 30, 31};\n      \n      while(true){\n      \n         int numDays = 0;\n         inData = showInputDialog(\"Enter date: (yyyy-mm-dd)\");\n         \n         if(inData == null){\n            break;\n         }\n         int year = Integer.parseInt(inData.substring(0,4));\n         int month = Integer.parseInt(inData.substring(5,7));\n         int day = Integer.parseInt(inData.substring(8));\n         \n         if(month > 2 && year >= 1754 && year%4==0 && (year%100!=0 || year%400==0)){   //add leap day if necessary\n            numDays++;\n         }\n         for(int i=0; i < month-1; i++){  //add all days in months\n            numDays += daysInMonth[i];\n         }\n         numDays += day;   //add days\n         \n         showMessageDialog(null,\"Day number is: \" + numDays);\n      }\n   }\n}\n",
      "DayName.java": "import static javax.swing.JOptionPane.*;\n\npublic class DayName {\n   public static void main(String[] arg){\n      \n      int[] daysInMonth = {31, 28, 31, 30, 31, 30, 31, 31, 30, 31, 30, 31};\n      String[] weekDays = {\"Monday\", \"Tuesday\", \"Wednesday\", \"Thursday\", \"Friday\", \"Saturday\", \"Sunday\"};\n      \n      while(true){\n      \n         int numDays = 0;\n         String inData = showInputDialog(\"Enter date: (yyyy-mm-dd)\");\n         \n         if(inData == null){\n            break;\n         }\n         int year = Integer.parseInt(inData.substring(0,4));\n         int month = Integer.parseInt(inData.substring(5,7));\n         int day = Integer.parseInt(inData.substring(8));\n\n         for(int i=1754; i < year; i++){  //add all days between 1754 and given year\n            if(i%4==0 && (i%100!=0 || i%400==0)){\n               numDays += 366; //leap year\n            }\n            else{\n               numDays += 365; //normal year\n            }\n         }\n         if(month > 2 && year >= 1754 && year%4==0 && (year%100!=0 || year%400==0)){   //add leap day if necessary\n           numDays++;\n         }\n         for(int i=0; i < month-1; i++){  //add all days in months\n            numDays += daysInMonth[i];\n         }\n         numDays += day;   //add days\n         \n         showMessageDialog(null,\"The name of the day is: \" + weekDays[numDays%7]);\n      }\n   }\n}\n",
      "LeapYear.java": "import javax.swing.*;\n\npublic class LeapYear{\n   public static void main(String[] arg){\n      \n      String inData;\n      int year;\n      \n      while (true){\n         inData = JOptionPane.showInputDialog(\"What year?\");\n         if(inData==null){\n            break;\n         } \n         year = Integer.parseInt(inData);\n         \n         if(year >= 1754 && year%4 == 0 && (year%100 != 0 || year%400 == 0)){\n            JOptionPane.showMessageDialog(null, year + \" is a leap year!\");\n         }\n         else if(year >= 1754){\n            JOptionPane.showMessageDialog(null, year + \" is not a leap year!\");\n         } \n         else{\n            JOptionPane.showMessageDialog(null, \"Can't tell\");\n         } \n      }\n   }\n}\n"
    },
    "done": true
  },
  {
    "content": "%HEADER%\n\n--------------------------------------------------------------------------------\n                        Laboration 1: Uppvärming \n--------------------------------------------------------------------------------\n\nGrupp: %GROUP%, inlämning 1\nResultat: retur\n\nBra men jag har en/några kommentar(er):\n--------------------------------------------------------------------------------\n\n\n================================================================================\n<><><><><><><><><><><><><><><><> WhichYear.java <><><><><><><><><><><><><><><><>\n================================================================================\n%FILE:  WhichYear.java %\nAt L9:\n- Indenteringen är inte korrekt. Möjligtvis blandar ni spaces och tabbar. Titta\ngärna på automatisk indentering i IDE:er såsom IntelliJ IDEA (Ctrl+Alt+L).\n\n\n================================================================================\n<><><><><><><><><><><><><><><><> WhichDay.java  <><><><><><><><><><><><><><><><>\n================================================================================\n%FILE:  WhichDay.java  %\nAt L25:\n* Det är smidigare att använda en array med längder på månaderna.\n\n\n\n================================================================================\n<><><><><><><><><><><><><><><> IsItMonday.java  <><><><><><><><><><><><><><><><>\n================================================================================\n%FILE:  IsItMonday.java  %\nAt L30:\n* Det är smidigare att använda en array med längder på veckodagarna.\n%FOOTER%",
    "header": "Alla markeringar skall du rätta. Inga felanmärkningar skall naturligtvis  \nupprepas i senare labbar. Det kan också vara så att ni gjort samma typ av fel\nflera gånger. Samtliga ska rättas även om ni bara får en kommentar!\n\nTeckenförklaring:\n\"-\"\tallvarlig kommentar som antagligen har resulterat i en retur.\n\"=\"\tallvarlig kommentar som *inte* har resulterat i en return. Många \"=\" kan\n   \tockså resultera i en retur.\n\"#\"\tmindre allvarlig kommentar.\n\"*\"\tkommentar, behöver ej åtgärdas.\n\"+\"\textra bra\n\nFörstår du inte vad rättaren menar? Maila och fråga - vi bits inte :-)",
    "footer": "\nHälsningar,\n%NAME%",
    "teacher": "Richard Sundqvist",
    "group": "81",
    "assignment": "intro",
    "files": {
      "IsItMonday.java": "// vilken dag\nimport static javax.swing.JOptionPane.*; \n\npublic class IsItMonday {\n\tpublic static void main (String[] arg){\n\tString indata;\n\tindata = showInputDialog(null,\"Write a date on the form of yyyy-mm-dd\"); \n\t\n\tint year = Integer.parseInt(indata.substring(0,4));\n\tint month = Integer.parseInt(indata.substring(5,7));\n\tint day = Integer.parseInt(indata.substring(8,10));\n\t//System.out.println(month);\n\tint numberDay = 0;\n\t\n\tfor (int i = 1; i < month; i=i+1) {\n\t\tnumberDay = numberDay + monthDays(i, year);}\n\t\n\tint number=numberDay+day;\n\t\n\tint daysOfYear = 0;\n\t\n\tfor (int y = 0; y < (year-1754); y=y+1) {\n\t\tdaysOfYear = daysOfYear + yearDay(y);}\n\n\t\n\tint totnumber=daysOfYear + number-1;\n\tint v=totnumber%7;\n\n\tString s1=\"hej\";\n\tif(v==(0)){s1=\"Tuesday\";}\n\tif(v==(1)){s1=\"Wednesday\";}\n\tif(v==(2)){s1=\"Thursday\";}\n\tif(v==(3)){s1=\"Friday\";}\n\tif(v==(4)){s1=\"Saturday\";}\n\tif(v==(5)){s1=\"Sunday\";}\n\tif(v==(6)){s1=\"Monday\";}\n\t\n\tshowMessageDialog(null, \"It is a\" + s1);\n  \n\t}\n\t\n\tprivate static int monthDays(int month, int year) {\n\t\tif (month == 1 || month == 3 || month ==5 || month ==7 || month ==8 || month ==10 || month ==12) {\n\t\t\treturn 31;}\n\t\tif (month == 4 || month ==6 || month ==9 || month ==11){\n\t\t\treturn 30;}\n\t\tif (month ==2 && ((year%4==0 && year%100!=0)||year%400==0)){\n\t\t\treturn 29;}\n\t\telse {\n\t\t\treturn 28;}\n\t\t}\n\t\t\t\n\tprivate static int yearDay(int y){ \n\tif (((y+1754)%4==0 && (y+1754)%100!=0)||(y+1754)%400==0) {\n\t\treturn 366;}\n\telse {\n\t\treturn 365;}\n\t}\n\t \n\n}\n\t\n",
      "WhichDay.java": "// skottar\nimport static javax.swing.JOptionPane.*; \n\npublic class WhichDay {\n\tpublic static void main (String[] arg){\n\tString indata;\n\twhile (true){\n\tindata = showInputDialog(null,\"Write a date on the form of yyyy-mm-dd\"); \n\tif (indata==null) {System.exit(0);}\n\tint year = Integer.parseInt(indata.substring(0,4));\n\tint month = Integer.parseInt(indata.substring(5,7));\n\tint day = Integer.parseInt(indata.substring(8,10));\n\t//System.out.println(month);\n\tint numberDay = 0;\n\t\n\tfor (int i = 1; i < month; i=i+1) {\n\t\tnumberDay = numberDay + monthDays(i, year);}\n\t\n\tint number=numberDay+day;\n\t\n\tshowMessageDialog(null, \"The number for the date is \" + number);\n  }\n   }\n\t\n\tprivate static int monthDays(int month, int year) {\n\t\tif (month == 1 || month == 3 || month ==5 || month ==7 || month ==8 || month ==10 || month ==12) {\n\t\t\treturn 31;}\n\t\tif (month == 4 || month ==6 || month ==9 || month ==11){\n\t\t\treturn 30;}\n\t\tif (month ==2 && ((year%4==0 && year%100!=0)||year%400==0)){\n\t\t\treturn 29;}\n\t\telse {\n\t\t\treturn 28;}\n\t\n\t}\n}\n\t\n",
      "WhichYear.java": "// skottar\nimport static javax.swing.JOptionPane.*; \n\npublic class WhichYear {\n\tpublic static void main (String[] arg){\n\t\tint year;\n\t\tString indata;\n\t\twhile (true) {\n\t\tindata = showInputDialog(null,\"year of interest?\"); \n\t\tif (indata==null) \n\t\t\t{System.exit(0);}\n\t\tyear = Integer.parseInt(indata);\n\t\tif ((year%4==0 && year%100!=0)||year%400==0) {\n\t\tshowMessageDialog(null, \"Det ar ett skottar\");}\n\t\telse \n\t\t{showMessageDialog(null, \"Det ar inget skottar!!XD\");\n\t\t}\n\t\t}\n\t\t}\n\t}\n\t \n"
    },
    "done": true
  }
]