[{
	"content": "%HEADER%\n\nLab 3 kan ge max 6p.\n\nGrupp: %GROUP%, inlämning 1\nPoäng: 0, retur (inom 7 dagar)\n\nBra, här är mina kommentar(er):\n\nallmänt: \n\u003d Ni har varken public eller private på de flesta klasser och metoder och klasser,\nvilket innebär att de är package-private. Är det verkligen önskvärt? \n\nSteg3:\n- Den här klassen bör bara skapa en JFrame och sedan lägga en CrystalControl\ntill denna, sen är den färdig. Ni ska ha timer och liknande i CrystalControl.\n\n# Den här klassen behöver inte några fält. Fälten ni har skapat nu bör ligga i\nCrystalControl, även om ni naturligtvis kan spara t.ex. default värde för\nhastigheten som en konstant (\"public static final int DEFAULT_SPEED \u003d x;\").\n\nCrystalControl: \n- Knapparna skall absolut inte fungera genom att de ändrar statiska variabler (!)\ni en annan klass (Steg3). Lägg dem som privata instansvariabler i CrystalControl.\nCrystalControl bör antagligen bara ta in en int som parameter i konstruktorn för\natt sedan skapa det den behöver själv.\n\nCrystalView:\n# Uppdateringen bör göras med t.ex. drawLine(i,j,i,j). Det är snabbare\nän drawImage. Dock inget som ni måste ändra. Kan däremot inte lova att det kommer\nvara OK att lösa Swing-uppgifter såhär på tentan.\n\nCrystalModel:\n+ En av de snyggare implementationerna av crystallizeOneIon() vi sett.\n\n%TEACHER%",
	"header": "Kommentarerna som vi ger är försedda med ett prefix i form av ett tecken:\nFörstår du inte vad rättaren menar? Maila och fråga - vi bits inte :-)\n\nAlla kommentarer skall du rätta. Inga felanmärkningar skall naturligtvis \nupprepas i senare labbar.\n\n\"-\"   markerar en allvarlig kommentar som antagligen har resulterat i en retur.\n\"\u003d\"   markerar en allvarlig kommentar som *inte* har resulterat i en retur utan\n\t  enbart poängavdrag. Många \"\u003d\" kan också resultera i en retur.\n\"#\"   markerar en mindre allvarlig kommentar.\n\"*\"   kommentar, behöver ej åtgärdas.\n\"+\"   extra bra\n-------------------------------------------------------------------------------\nPoäng och returpolicy finns beskrivet under \"assignments-\u003eLab acceptance rules\".\naccept på labben innebär att man inte kan lämna in igen \n(men inte att det är \"godkänd\")\nreject på labben att man kan eller måste lämna in igen och kan ev. få 1p till.\nOm du får retur på bara en uppgift, lämna bara in den uppgiften nästa gång.\n-------------------------------------------------------------------------------",
	"teacher": "Richard Sundqvist",
	"group": "11",
	"done": true
}, {
	"content": "%HEADER%\n\nLab 3 kan ge max 6p.\n\nGrupp: %GROUP%, inlämning 1\nPoäng: 3, accepterad\n\nBra, här är mina kommentar(er):\n\nallmänt: \n\nSteg3:\n\u003d Ert program kommer att krascha trots er \"felhantering\". Fundera på vad som är\nlämpligt då man inte har några argument. Ska man tvingas ange en storlek.\nVad händer om args[0] inte innehåller ett korrekt heltal?\n\nCrystalControl: \n# Använd vettiga variabelnamn. \"Rut\" borde heta något i stil med \"view\" eller än\nhellre \"crystalView\".\n\n# showInputDialog() är en statisk metod. Ni behöver inte skapa någon JOptionPane,\nanropa istället genom att skriva String input \u003d JOptionPane.showInputDialog().\n\nCrystalView:\n\u003d Att rita ut svarta rutor på alla punkter som saknar joner är extremt\nineffektivt. Använd setBackground() i konstruktorn istälet och rita bara ut\nnågot när ni har en jon på den aktuella positionen.\n\nCrystalModel:\n# Ni använder booleaner konstigt. Kod på formen\n\n    if (a \u003c b) {\n        return true;\n    } else {\n       return false;\n    }\n\t\nKan och bör skrivas\n    return a \u003c b;\n\t\n\u003d crystallizeOneIon(): Ni har redan en metod för att ta reda på om en punkt\nligger utanför en cirkel. \n\n\n%TEACHER%",
	"header": "Kommentarerna som vi ger är försedda med ett prefix i form av ett tecken:\nFörstår du inte vad rättaren menar? Maila och fråga - vi bits inte :-)\n\nAlla kommentarer skall du rätta. Inga felanmärkningar skall naturligtvis \nupprepas i senare labbar.\n\n\"-\"   markerar en allvarlig kommentar som antagligen har resulterat i en retur.\n\"\u003d\"   markerar en allvarlig kommentar som *inte* har resulterat i en retur utan\n\t  enbart poängavdrag. Många \"\u003d\" kan också resultera i en retur.\n\"#\"   markerar en mindre allvarlig kommentar.\n\"*\"   kommentar, behöver ej åtgärdas.\n\"+\"   extra bra\n-------------------------------------------------------------------------------\nPoäng och returpolicy finns beskrivet under \"assignments-\u003eLab acceptance rules\".\naccept på labben innebär att man inte kan lämna in igen \n(men inte att det är \"godkänd\")\nreject på labben att man kan eller måste lämna in igen och kan ev. få 1p till.\nOm du får retur på bara en uppgift, lämna bara in den uppgiften nästa gång.\n-------------------------------------------------------------------------------",
	"teacher": "Richard Sundqvist",
	"group": "136",
	"done": true
}, {
	"content": "%HEADER%\n\nLab 3 kan ge max 6p.\n\nGrupp: %GROUP%, inlämning 1\nPoäng: xx, accepterad\n\nBra, här är mina kommentar(er):\n\nAllmänt: \n\nSteg3:\n\nCrystalControl: \n\nCrystalView:\n\nCrystalModel:\n\n%TEACHER%",
	"header": "Kommentarerna som vi ger är försedda med ett prefix i form av ett tecken:\nFörstår du inte vad rättaren menar? Maila och fråga - vi bits inte :-)\n\nAlla kommentarer skall du rätta. Inga felanmärkningar skall naturligtvis \nupprepas i senare labbar.\n\n\"-\"   markerar en allvarlig kommentar som antagligen har resulterat i en retur.\n\"\u003d\"   markerar en allvarlig kommentar som *inte* har resulterat i en retur utan\n\t  enbart poängavdrag. Många \"\u003d\" kan också resultera i en retur.\n\"#\"   markerar en mindre allvarlig kommentar.\n\"*\"   kommentar, behöver ej åtgärdas.\n\"+\"   extra bra\n-------------------------------------------------------------------------------\nPoäng och returpolicy finns beskrivet under \"assignments-\u003eLab acceptance rules\".\naccept på labben innebär att man inte kan lämna in igen \n(men inte att det är \"godkänd\")\nreject på labben att man kan eller måste lämna in igen och kan ev. få 1p till.\nOm du får retur på bara en uppgift, lämna bara in den uppgiften nästa gång.\n-------------------------------------------------------------------------------",
	"teacher": "Richard Sundqvist",
	"group": "137",
	"done": false
}, {
	"content": "%HEADER%\n\nLab 3 kan ge max 6p.\n\nGrupp: %GROUP%, inlämning 1\nPoäng: 0, retur (inom 7 dagar)\n\nBra, här är mina kommentar(er):\n\nallmänt: \nLäs vad det är ni faktiskt ska lämna in. Och skicka inte in saker som inte\nbehövs såsom dolda filer (filer som börjar på \u0027.\u0027)\n\nSteg3:\n\u003d Kontrollera både att args faktiskt innehåller något (args.length \u003e 0)\noch att args[0] är ett tal (try/catch IllegalNumberFormatException).\n\nCrystalControl: \n\u003d Använd inte exceptions som en del i det normala programflödet. Antingen kastar ni\noch hanterar det någon annan stans eller så kan ni t.ex. stänga av direkt.\n\n\u003d Ni kontrollerar inte om svaret från showInputDialog() är null (inträffar om\nanvänder trycker \"Cancel\" eller \"x\". Det kommer ävan att krascha om använder skriver\nin något annat än ett heltal.\n\n\u003d Ni har instansvariabler som inte är privata.\n\nCrystalView:\n\nCrystalModel:\n# Indenteringen är inte korrekt. Möjligtvis blandar ni spaces och tabbar. Titta\ngärna på automatisk indentering i IDE:er såsom Eclipse.\n\n- Det finns ingen garanti för att crystallizeOneIon() faktiskt\nkrystalliserar en jon. Om den går utanför flyktcirkeln (\"escapeCircleRadius\")\nska ni släppa en ny jon, inte returnera. \n\n# Använd outsideCircle() på rad 114, det är därför ni skrev metoden.\n\n# Ni använder booleaner konstigt. Kod på formen\n\n    if (a \u003c b) {\n        return true;\n    } else {\n       return false;\n    }\n\t\nKan och bör skrivas\n    return a \u003c b;\n\n%TEACHER%",
	"header": "Kommentarerna som vi ger är försedda med ett prefix i form av ett tecken:\nFörstår du inte vad rättaren menar? Maila och fråga - vi bits inte :-)\n\nAlla kommentarer skall du rätta. Inga felanmärkningar skall naturligtvis \nupprepas i senare labbar.\n\n\"-\"   markerar en allvarlig kommentar som antagligen har resulterat i en retur.\n\"\u003d\"   markerar en allvarlig kommentar som *inte* har resulterat i en retur utan\n\t  enbart poängavdrag. Många \"\u003d\" kan också resultera i en retur.\n\"#\"   markerar en mindre allvarlig kommentar.\n\"*\"   kommentar, behöver ej åtgärdas.\n\"+\"   extra bra\n-------------------------------------------------------------------------------\nPoäng och returpolicy finns beskrivet under \"assignments-\u003eLab acceptance rules\".\naccept på labben innebär att man inte kan lämna in igen \n(men inte att det är \"godkänd\")\nreject på labben att man kan eller måste lämna in igen och kan ev. få 1p till.\nOm du får retur på bara en uppgift, lämna bara in den uppgiften nästa gång.\n-------------------------------------------------------------------------------",
	"teacher": "Richard Sundqvist",
	"group": "143",
	"done": true
}, {
	"content": "%HEADER%\n\nLab 3 kan ge max 6p.\n\nGrupp: %GROUP%, inlämning 1\nPoäng: 0, retur (inom 7 dagar)\n\nBra, här är mina kommentar(er):\n\nallmänt: \n- Kraven under \"Specialla krav\" är krav, inte förslag:\n\"Simuleringen startas med java Steg3 size däre size är bredden och höjden på badet\"\n\nDet är helt OK att ha extra finesser såsom sliders men programmet ska fortfarande\ndelas upp på ett vettigt sätt.\n\nSkapa klasserna i separata filer (undantag t.ex. action listeners, inte relevant\ni ert fall när ni använder lamba notation) och lämna in igen. Hela tanken med\nMVC är just att saker såsom GUI inte ska ligga i modellen.\n\nNi bör (ska) ha separata klasser för Model, View samt Control i egna filer.\n\nSteg3:\n\nCrystalControl: \n\nCrystalView:\n\nCrystalModel:\n\n%TEACHER%",
	"header": "Kommentarerna som vi ger är försedda med ett prefix i form av ett tecken:\nFörstår du inte vad rättaren menar? Maila och fråga - vi bits inte :-)\n\nAlla kommentarer skall du rätta. Inga felanmärkningar skall naturligtvis \nupprepas i senare labbar.\n\n\"-\"   markerar en allvarlig kommentar som antagligen har resulterat i en retur.\n\"\u003d\"   markerar en allvarlig kommentar som *inte* har resulterat i en retur utan\n\t  enbart poängavdrag. Många \"\u003d\" kan också resultera i en retur.\n\"#\"   markerar en mindre allvarlig kommentar.\n\"*\"   kommentar, behöver ej åtgärdas.\n\"+\"   extra bra\n-------------------------------------------------------------------------------\nPoäng och returpolicy finns beskrivet under \"assignments-\u003eLab acceptance rules\".\naccept på labben innebär att man inte kan lämna in igen \n(men inte att det är \"godkänd\")\nreject på labben att man kan eller måste lämna in igen och kan ev. få 1p till.\nOm du får retur på bara en uppgift, lämna bara in den uppgiften nästa gång.\n-------------------------------------------------------------------------------",
	"teacher": "Richard Sundqvist",
	"group": "21",
	"done": true
}, {
	"content": "%HEADER%\n\nLab 3 kan ge max 6p.\n\nGrupp: %GROUP%, inlämning 1\nPoäng: xx, accepterad\n\nBra, här är mina kommentar(er):\n\nAllmänt: \n\nSteg3:\n\nCrystalControl: \n\nCrystalView:\n\nCrystalModel:\n\n%TEACHER%",
	"header": "Kommentarerna som vi ger är försedda med ett prefix i form av ett tecken:\nFörstår du inte vad rättaren menar? Maila och fråga - vi bits inte :-)\n\nAlla kommentarer skall du rätta. Inga felanmärkningar skall naturligtvis \nupprepas i senare labbar.\n\n\"-\"   markerar en allvarlig kommentar som antagligen har resulterat i en retur.\n\"\u003d\"   markerar en allvarlig kommentar som *inte* har resulterat i en retur utan\n\t  enbart poängavdrag. Många \"\u003d\" kan också resultera i en retur.\n\"#\"   markerar en mindre allvarlig kommentar.\n\"*\"   kommentar, behöver ej åtgärdas.\n\"+\"   extra bra\n-------------------------------------------------------------------------------\nPoäng och returpolicy finns beskrivet under \"assignments-\u003eLab acceptance rules\".\naccept på labben innebär att man inte kan lämna in igen \n(men inte att det är \"godkänd\")\nreject på labben att man kan eller måste lämna in igen och kan ev. få 1p till.\nOm du får retur på bara en uppgift, lämna bara in den uppgiften nästa gång.\n-------------------------------------------------------------------------------",
	"teacher": "Richard Sundqvist",
	"group": "26",
	"done": false
}, {
	"content": "%HEADER%\n\nLab 3 kan ge max 6p.\n\nGrupp: %GROUP%, inlämning 1\nPoäng: xx, accepterad\n\nBra, här är mina kommentar(er):\n\nAllmänt: \n\nSteg3:\n\nCrystalControl: \n\nCrystalView:\n\nCrystalModel:\n\n%TEACHER%",
	"header": "Kommentarerna som vi ger är försedda med ett prefix i form av ett tecken:\nFörstår du inte vad rättaren menar? Maila och fråga - vi bits inte :-)\n\nAlla kommentarer skall du rätta. Inga felanmärkningar skall naturligtvis \nupprepas i senare labbar.\n\n\"-\"   markerar en allvarlig kommentar som antagligen har resulterat i en retur.\n\"\u003d\"   markerar en allvarlig kommentar som *inte* har resulterat i en retur utan\n\t  enbart poängavdrag. Många \"\u003d\" kan också resultera i en retur.\n\"#\"   markerar en mindre allvarlig kommentar.\n\"*\"   kommentar, behöver ej åtgärdas.\n\"+\"   extra bra\n-------------------------------------------------------------------------------\nPoäng och returpolicy finns beskrivet under \"assignments-\u003eLab acceptance rules\".\naccept på labben innebär att man inte kan lämna in igen \n(men inte att det är \"godkänd\")\nreject på labben att man kan eller måste lämna in igen och kan ev. få 1p till.\nOm du får retur på bara en uppgift, lämna bara in den uppgiften nästa gång.\n-------------------------------------------------------------------------------",
	"teacher": "Richard Sundqvist",
	"group": "67",
	"done": false
}, {
	"content": "%HEADER%\n\nLab 3 kan ge max 6p.\n\nGrupp: %GROUP%, inlämning 1\nPoäng: xx, accepterad\n\nBra, här är mina kommentar(er):\n\nAllmänt: \n\nSteg3:\n\nCrystalControl: \n\nCrystalView:\n\nCrystalModel:\n\n%TEACHER%",
	"header": "Kommentarerna som vi ger är försedda med ett prefix i form av ett tecken:\nFörstår du inte vad rättaren menar? Maila och fråga - vi bits inte :-)\n\nAlla kommentarer skall du rätta. Inga felanmärkningar skall naturligtvis \nupprepas i senare labbar.\n\n\"-\"   markerar en allvarlig kommentar som antagligen har resulterat i en retur.\n\"\u003d\"   markerar en allvarlig kommentar som *inte* har resulterat i en retur utan\n\t  enbart poängavdrag. Många \"\u003d\" kan också resultera i en retur.\n\"#\"   markerar en mindre allvarlig kommentar.\n\"*\"   kommentar, behöver ej åtgärdas.\n\"+\"   extra bra\n-------------------------------------------------------------------------------\nPoäng och returpolicy finns beskrivet under \"assignments-\u003eLab acceptance rules\".\naccept på labben innebär att man inte kan lämna in igen \n(men inte att det är \"godkänd\")\nreject på labben att man kan eller måste lämna in igen och kan ev. få 1p till.\nOm du får retur på bara en uppgift, lämna bara in den uppgiften nästa gång.\n-------------------------------------------------------------------------------",
	"teacher": "Richard Sundqvist",
	"group": "69",
	"done": false
}]