[
  {
    "creationDate": "Nov 8, 2017 6:02:12 PM",
    "contentTags": [
      "general",
      "oop"
    ],
    "assignmentTags": [
      "intro",
      "leapyear"
    ],
    "lastModificationDate": "Nov 8, 2017 6:08:57 PM",
    "content": "# Att använda två arrayer för skottår/inte skottår är inte särskilt snyggt.\nLägg hellre till en dag om månaden överstiger februari och året som utvärderas är skottår."
  },
  {
    "creationDate": "Feb 22, 2017 12:05:06 PM",
    "contentTags": [
      "general"
    ],
    "assignmentTags": [
      "ratnum"
    ],
    "lastModificationDate": "Nov 8, 2017 6:03:35 PM",
    "title": "# Getter/Setter med krav",
    "content": "# När man har instansvariabler som måste uppfylla vissa krav (såsom numerator\noch denominator) måste man se till att de stämmer även efter att settern\nanvänts. Som de ser ut nu kan man sätta 0 i nämnaren eller skapa ett bråka som\ninte är på minimal form.\n"
  },
  {
    "creationDate": "Nov 8, 2017 6:05:15 PM",
    "contentTags": [
      "general",
      "style"
    ],
    "assignmentTags": [
      "intro"
    ],
    "lastModificationDate": "Nov 8, 2017 7:28:32 PM",
    "content": "# Kod på formen:\n\tif (A) do x;\n\telse if (B) do x;\nKan och bör skrivas:\n\tif (A || B) do x;\n"
  },
  {
    "creationDate": "Feb 20, 2017 8:29:55 PM",
    "contentTags": [
      "general",
      "style"
    ],
    "assignmentTags": [],
    "lastModificationDate": "Nov 8, 2017 7:28:23 PM",
    "content": "# Kod på formen:\n    if (a < b) {\n        return true;\n    } else {\n        return false;\n    }\nKan och bör skrivas:\n    return a < b;\n"
  },
  {
    "creationDate": "Feb 22, 2017 11:58:24 AM",
    "contentTags": [
      "general",
      "style"
    ],
    "assignmentTags": [],
    "lastModificationDate": "Nov 8, 2017 7:41:11 PM",
    "content": "#/= Följ konvention för identifierare av variabler/metoder/klasser i Java.\n    KONSTANT:   public static final int MY_INTEGER_CONSTANT = 0;\n    FÄLT:       private int myIntegerField = 0;\n    PARAMETER:  public void myMethod (int myIntegerParameter)\n    METOD:      public void myOtherMethod()\n    KLASS:      public class MyClass\n"
  },
  {
    "creationDate": "Feb 22, 2017 11:55:49 AM",
    "contentTags": [
      "oop",
      "general"
    ],
    "assignmentTags": [],
    "lastModificationDate": "Apr 13, 2017 11:56:39 AM",
    "content": "#/= Metoder som inte beror av t.ex. instansvariabler bör vara \"static\".\n"
  },
  {
    "creationDate": "Feb 22, 2017 12:15:59 PM",
    "contentTags": [
      "scope",
      "general",
      "oop"
    ],
    "assignmentTags": [],
    "lastModificationDate": "Nov 8, 2017 7:34:28 PM",
    "content": "#/= Variabler existerar bara i det block där de deklareras. Block är t.ex. klasser,\nloopar, if-satser och metoder.\nFörklaring (bild): https://i.imgur.com/cBVa9Gu.jpg"
  },
  {
    "creationDate": "Nov 8, 2017 7:08:44 PM",
    "contentTags": [
      "general",
      "style",
      "oop"
    ],
    "assignmentTags": [
      "leapyear",
      "intro"
    ],
    "lastModificationDate": "Nov 8, 2017 7:09:32 PM",
    "content": "* Det är smidigare att använda en array med längder på månaderna."
  },
  {
    "creationDate": "Feb 20, 2017 8:34:50 PM",
    "contentTags": [
      "general",
      "style"
    ],
    "assignmentTags": [],
    "lastModificationDate": "Apr 13, 2017 11:56:46 AM",
    "content": "* Ni behöver inte skriva this. Normalt gör man bara det när man\nmåste, dvs. när kan har en namnkonflikt mellan en lokal variabel/metodparameter\noch en instansvariabel. Exempel: \n\tpublic class Example {\n    \t\tprivate int x, previousX; //Instansvariabler\n\n    \t\tpublic void setX (int x) {\n        \t\tpreviousX = this.x; //Det finns bara en \"previousX\"\n        \t\tthis.x = x; //Peka ut instansvariabeln med \"this\"\n    \t\t}\n\t}\n"
  },
  {
    "creationDate": "Nov 8, 2017 12:39:31 PM",
    "contentTags": [
      "general"
    ],
    "assignmentTags": [
      "intro"
    ],
    "lastModificationDate": "Nov 9, 2017 12:08:41 AM",
    "content": "- Använd engelska identifierare för paket/klasser/variabler/funktioner. Svenska\när OK i strängar. Titta gärna på automatiska byten av namn i IDE:er såsom\nIntelliJ IDEA (Shift+F6). Detta kallas \"refactoring\" på engelska."
  },
  {
    "creationDate": "Feb 22, 2017 5:54:05 PM",
    "contentTags": [],
    "assignmentTags": [
      "intro"
    ],
    "lastModificationDate": "Apr 13, 2017 11:57:22 AM",
    "content": "- Ni har inte gjort någon tar-boll eller gjort en felaktig tar-boll \ndvs inte lämnat in på korrekt sätt.\n"
  },
  {
    "creationDate": "Feb 22, 2017 5:54:26 PM",
    "contentTags": [],
    "assignmentTags": [
      "intro"
    ],
    "lastModificationDate": "Apr 13, 2017 11:56:51 AM",
    "content": "- Ni läser inte instruktionerna riktigt noga. Ni skall skapa en \nbiblioteksstruktur och tar-kommandot skall köras i ett av de biblioteken.\n"
  },
  {
    "creationDate": "Feb 22, 2017 12:10:37 PM",
    "contentTags": [],
    "assignmentTags": [
      "ratnum"
    ],
    "lastModificationDate": "Apr 13, 2017 11:56:53 AM",
    "content": "- public RatNum(RatNum orig): Denna konstruktor har ni uppenbarligen inte testat. Ni\nmåste fånga RatNum:en som returneras av parse() och kopiera värdena.\n"
  },
  {
    "creationDate": "Feb 20, 2017 8:35:56 PM",
    "contentTags": [],
    "assignmentTags": [
      "kristallbildning"
    ],
    "lastModificationDate": "Apr 13, 2017 11:57:21 AM",
    "content": "-/= crystallizeOneIon() garanterar inte att en jon faktiskt kristalliseras, vilket\nju gör metodnamnet direkt felaktigt. Ni måste använda dropNewIon() igen i loopen\nom den går utanför flyktcirkeln.\n"
  },
  {
    "creationDate": "Feb 22, 2017 12:07:06 PM",
    "contentTags": [
      "advanced"
    ],
    "assignmentTags": [],
    "lastModificationDate": "Apr 13, 2017 11:56:59 AM",
    "content": "= Använder ni regex måste ni skriva noggranna kommentarer för att visa att ni\nförstår vad de faktiskt gör.\n"
  },
  {
    "creationDate": "Feb 22, 2017 11:46:34 AM",
    "contentTags": [
      "general"
    ],
    "assignmentTags": [],
    "lastModificationDate": "Apr 13, 2017 11:57:22 AM",
    "content": "= Exceptions ska inte användas som en del av det normala programflödet.\nEn metod ska inte under några omständigheter kasta ett exception som\nden sedan själv fångar.\n"
  },
  {
    "creationDate": "Feb 22, 2017 11:47:54 AM",
    "contentTags": [
      "general",
      "style"
    ],
    "assignmentTags": [],
    "lastModificationDate": "Apr 13, 2017 11:57:05 AM",
    "content": "= IndexOutOfBoundsException förhindras  if-satser (i >= 0 && i < a.length). De ska i princip aldrig fångas.\n"
  },
  {
    "creationDate": "Feb 22, 2017 5:56:00 PM",
    "contentTags": [],
    "assignmentTags": [
      "intro"
    ],
    "lastModificationDate": "Apr 13, 2017 11:57:07 AM",
    "content": "= Inga onödiga filer får skickas in tex tilde(~)-filer eller .class-filer.\n"
  },
  {
    "creationDate": "Feb 20, 2017 8:34:14 PM",
    "contentTags": [
      "general",
      "oop"
    ],
    "assignmentTags": [],
    "lastModificationDate": "Apr 13, 2017 11:57:10 AM",
    "content": "= Instansvariabler är ej privata.\n"
  },
  {
    "creationDate": "Feb 22, 2017 11:52:38 AM",
    "contentTags": [
      "general",
      "style"
    ],
    "assignmentTags": [],
    "lastModificationDate": "Apr 13, 2017 11:57:12 AM",
    "content": "= NullPointerException förhindras med if-satser (arg != null). De ska i princip aldrig fångas.\n"
  },
  {
    "creationDate": "Feb 20, 2017 8:35:40 PM",
    "contentTags": [
      "general",
      "style"
    ],
    "assignmentTags": [],
    "lastModificationDate": "Nov 8, 2017 7:55:03 PM",
    "content": "=/# Indenteringen är inte korrekt. Möjligtvis blandar ni spaces och tabbar. Titta\ngärna på automatisk indentering i IDE:er såsom IntelliJ IDEA (Ctrl+Alt+L).\n"
  },
  {
    "creationDate": "Feb 22, 2017 5:55:14 PM",
    "contentTags": [],
    "assignmentTags": [
      "intro"
    ],
    "lastModificationDate": "Apr 13, 2017 11:57:17 AM",
    "title": "Måsvingar { }",
    "content": "Ni måste ha lika många öppnande vingar '{' som stängande vingar '}'. Beakta följande program:\n    public class MyClass {\n        public void myMethod (int someArg) {\n            // Do something neat.\n        // '}' missing!\n    } // (1)\nVilket block avslutar den sista måsvinge (1)? Vilket block borde den avlusta?\n"
  },
  {
    "creationDate": "Feb 22, 2017 5:54:41 PM",
    "contentTags": [],
    "assignmentTags": [
      "intro"
    ],
    "lastModificationDate": "Apr 13, 2017 11:57:19 AM",
    "content": "Vad innebär det att klassen inte är public? Vem får skapa \"HelloWorld\"-objekt?\nBeakta följande program:\n    public class MyClass {\n        private int myInt = 0;\n        \n        public int getMyInt(){\n            return myInt;\n        }\n        \n        public static void sayHello(){\n            System.out.println(\"Hello, World!\");\n        }\n    }\nKan man anropa getMyInt() utan ett MyClass-objekt? Kan man anropa sayHello()?\n"
  }
]