[{
	"creationDate": "Feb 22, 2017 12:05:06 PM",
	"lastModificationDate": "Feb 27, 2017 5:24:18 PM",
	"contentTags": ["general"],
	"assignmentTags": ["ratnum"],
	"title": "# Getter/Setter med krav",
	"content": "# När man har instansvariabler som måste uppfylla vissa krav (såsom numerator\noch denominator) måste man se till att de stämmer även efter att settern\nanvänts. Som de ser ut nu kan man sätta 0 i nämnaren eller skapa ett bråka som\ninte är på minimal form."
}, {
	"creationDate": "Feb 20, 2017 8:29:55 PM",
	"lastModificationDate": "Feb 21, 2017 3:21:06 PM",
	"contentTags": ["general", "style"],
	"assignmentTags": [],
	"content": "# Kod på formen:\n    if (a \u003c b) {\n        return true;\n    } else {\n       return false;\n    }\nKan och bör skrivas:\n    return a \u003c b;\n"
}, {
	"creationDate": "Feb 22, 2017 12:14:43 PM",
	"lastModificationDate": "Feb 22, 2017 11:45:40 PM",
	"contentTags": ["scope", "general", "oop", "style"],
	"assignmentTags": [],
	"content": "#/\u003d Använd inte fält som lokala variabler. Behöver ni en variabel som\nendast används lokalt så ska den skapas där den används."
}, {
	"creationDate": "Feb 22, 2017 11:58:24 AM",
	"lastModificationDate": "Feb 22, 2017 12:02:54 PM",
	"contentTags": ["general", "style"],
	"assignmentTags": [],
	"content": "#/\u003d Följ konvention för namn av variabler och parametrar i Java.\n\tKONSTANT:   \tpublic static final int MY_INTEGER_CONSTANT \u003d 0;\n\tFÄLT\t:\t\tprivate int myIntegerField \u003d 0;\n\tPARAMETER:   public void myMethod (int myIntegerParameter)"
}, {
	"creationDate": "Feb 22, 2017 11:55:49 AM",
	"lastModificationDate": "Feb 22, 2017 11:58:01 AM",
	"contentTags": ["oop", "general"],
	"assignmentTags": [],
	"content": "#/\u003d Metoder som inte beror av t.ex. instansvariabler bör vara \"static\"."
}, {
	"creationDate": "Feb 22, 2017 11:56:30 AM",
	"lastModificationDate": "Feb 22, 2017 11:57:51 AM",
	"contentTags": ["general", "oop"],
	"assignmentTags": [],
	"content": "#/\u003d Metoder som inte är menade att användas utifrån bör vara \"protected\" eller \"private\"."
}, {
	"creationDate": "Feb 22, 2017 12:15:59 PM",
	"lastModificationDate": "Feb 22, 2017 12:23:20 PM",
	"contentTags": ["scope", "general", "oop"],
	"assignmentTags": [],
	"content": "#/\u003d Variabler existerar bara i det block där de deklareras. Block är t.ex. klasser,\nloopar, if-satser och metoder. Alltså:\n\n\tpublic class MyClass {\n\t\tprivate int myField \u003d 0;\n\n\t\t//Här existerar bara \"myField\".\n\t\tpublic boolean myMethod (int arg) {\n\t\t\t//Här existerar \"myField\" och \"arg\".\n\t\t\tif (x \u003e 0) {\n\t\t\t\tint myInt \u003d arg + 1;\n\t\t\t\t//Här existerar \"myField\", \"arg\", och \"myInt\"\n\t\t\t}\n\t\t\t//Här existerar \"myField\" och \"arg\".\n\t\t}\n\t\t//Här existerar bara \"myField\".\n\t}"
}, {
	"creationDate": "Feb 20, 2017 8:34:50 PM",
	"lastModificationDate": "Feb 27, 2017 1:28:22 AM",
	"contentTags": ["general", "style"],
	"assignmentTags": [],
	"content": "* Ni behöver inte skriva this. Normalt gör man bara det när man\nmåste, dvs. när kan har en namnkonflikt mellan en lokal variabel/metodparameter\noch en instansvariabel. Exempel: \n\tpublic class Example {\n    \t\tprivate int x, previousX; //Instansvariabler\n\n    \t\tpublic void setX (int x) {\n        \t\tpreviousX \u003d this.x; //Det finns bara en \"previousX\"\n        \t\tthis.x \u003d x; //Peka ut instansvariabeln med \"this\"\n    \t\t}\n\t}"
}, {
	"creationDate": "Feb 22, 2017 5:54:05 PM",
	"lastModificationDate": "Feb 27, 2017 5:20:26 PM",
	"contentTags": [],
	"assignmentTags": ["intro"],
	"content": "- Ni har inte gjort någon tar-boll eller gjort en felaktig tar-boll \ndvs inte lämnat in på korrekt sätt."
}, {
	"creationDate": "Feb 22, 2017 5:54:26 PM",
	"lastModificationDate": "Feb 27, 2017 5:20:38 PM",
	"contentTags": [],
	"assignmentTags": ["intro"],
	"content": "- Ni läser inte instruktionerna riktigt noga. Ni skall skapa en \nbiblioteksstruktur och tar-kommandot skall köras i ett av de biblioteken."
}, {
	"creationDate": "Feb 20, 2017 8:35:56 PM",
	"lastModificationDate": "Feb 27, 2017 5:24:55 PM",
	"contentTags": [],
	"assignmentTags": ["kristallbildning"],
	"content": "-/\u003d crystallizeOneIon() garanterar inte att en jon faktiskt kristalliseras, vilket\nju gör metodnamnet direkt felaktigt. Ni måste använda dropNewIon() igen i loopen\nom den går utanför flyktcirkeln.\n"
}, {
	"creationDate": "Feb 22, 2017 12:07:06 PM",
	"lastModificationDate": "Feb 22, 2017 12:09:26 PM",
	"contentTags": ["advanced"],
	"assignmentTags": [],
	"content": "\u003d Använder ni regex måste ni skriva noggranna kommentarer för att visa att ni\nförstår vad de faktiskt gör.\n"
}, {
	"creationDate": "Feb 22, 2017 11:46:34 AM",
	"lastModificationDate": "Feb 22, 2017 11:47:51 AM",
	"contentTags": ["general"],
	"assignmentTags": [],
	"content": "\u003d Exceptions ska inte användas som en del av det normala programflödet.\nEn metod ska inte under några omständigheter kasta ett exception som\nden sedan själv fångar."
}, {
	"creationDate": "Feb 22, 2017 11:47:54 AM",
	"lastModificationDate": "Feb 22, 2017 11:54:05 AM",
	"contentTags": ["general", "style"],
	"assignmentTags": [],
	"content": "\u003d IndexOutOfBoundsException förhindras  if-satser (i \u003e\u003d 0 \u0026\u0026 i \u003c a.length). De ska i princip aldrig fångas."
}, {
	"creationDate": "Feb 22, 2017 5:56:00 PM",
	"lastModificationDate": "Feb 27, 2017 5:20:46 PM",
	"contentTags": [],
	"assignmentTags": ["intro"],
	"content": "\u003d Inga onödiga filer får skickas in tex tilde(~)-filer eller .class-filer."
}, {
	"creationDate": "Feb 20, 2017 8:34:14 PM",
	"lastModificationDate": "Feb 21, 2017 3:21:10 PM",
	"contentTags": ["general", "oop"],
	"assignmentTags": [],
	"content": "\u003d Instansvariabler är ej privata.\n"
}, {
	"creationDate": "Feb 22, 2017 11:52:38 AM",
	"lastModificationDate": "Feb 22, 2017 11:53:53 AM",
	"contentTags": ["general", "style"],
	"assignmentTags": [],
	"content": "\u003d NullPointerException förhindras med if-satser (arg !\u003d null). De ska i princip aldrig fångas."
}, {
	"creationDate": "Feb 20, 2017 8:35:40 PM",
	"lastModificationDate": "Feb 21, 2017 3:21:20 PM",
	"contentTags": ["general", "style"],
	"assignmentTags": [],
	"content": "\u003d/# Indenteringen är inte korrekt. Möjligtvis blandar ni spaces och tabbar. Titta\ngärna på automatisk indentering i IDE:er såsom IntelliJ IDEA (Ctrl+Alt+L).\n"
}, {
	"creationDate": "Feb 22, 2017 12:10:37 PM",
	"lastModificationDate": "Feb 27, 2017 5:24:24 PM",
	"contentTags": [],
	"assignmentTags": ["ratnum"],
	"title": "Konstruktor public RatNum(RatNum orig)",
	"content": "- public RatNum(RatNum orig): Denna konstruktor har ni uppenbarligen inte testat. Ni\nmåste fånga RatNum:en som returneras av parse() och kopiera värdena.\n"
}, {
	"creationDate": "Feb 22, 2017 5:55:14 PM",
	"lastModificationDate": "Feb 27, 2017 5:21:36 PM",
	"contentTags": [],
	"assignmentTags": ["intro"],
	"title": "Måsvingar { }",
	"content": "Ni måste ha lika många öppnande vingar \u0027{\u0027 som stängande vingar \u0027}\u0027. Beakta följande program:\n    public class MyClass {\n        public void myMethod (int someArg) {\n            // Do something neat.\n        // \u0027}\u0027 missing!\n    } // (1)\nVilket block avslutar den sista måsvinge (1)? Vilket block borde den avlusta?"
}, {
	"creationDate": "Feb 22, 2017 5:54:41 PM",
	"lastModificationDate": "Feb 27, 2017 5:21:59 PM",
	"contentTags": [],
	"assignmentTags": ["intro"],
	"content": "Vad innebär det att klassen inte är public? Vem får skapa \"HelloWorld\"-objekt?\nBeakta följande program:\n    public class MyClass {\n        private int myInt \u003d 0;\n        \n        public int getMyInt(){\n            return myInt;\n        }\n        \n        public static void sayHello(){\n            System.out.println(\"Hello, World!\");\n        }\n    }\nKan man anropa getMyInt() UTAN ett MyClass-objekt? Kan man anropa sayHello()?"
}]