{
	"content": "%HEADER%\n\nPå lab 3 kan man få 6p som mest.\n\nGrupp: %GROUP%, inlämning 1\nPoäng: xx, accepterad  retur (inom 7 dagar) \n\nBra men jag har en/några kommentar(er):\n------------------------------------------------------------------------------- \n\nSteg3:\n\nCrystalModel:\n\nCrystalView:\n\nCrystalControl:\n\n%TEACHER%",
	"header": "Kommentarerna som vi ger är försedda med ett prefix i form av ett tecken:\nFörstår du inte vad rättaren menar? Maila och fråga - vi bits inte :-)\n\nAlla markeringar skall du rätta. Inga felanmärkningar skall naturligtvis \nupprepas i senare labbar.\n\n\"-\"   markerar en allvarlig kommentar som antagligen har resulterat i en retur.\n\"\u003d\"   markerar en allvarlig kommentar som *inte* har resulterat i en retur utan\n\t  enbart poängavdrag. Många \"\u003d\" kan också resultera i en retur.\n\"#\"   markerar en mindre allvarlig kommentar.\n\"*\"   kommentar, behöver ej åtgärdas.\n\"+\"   extra bra\n-------------------------------------------------------------------------------\nPoäng och returpolicy finns beskrivet under \"assignments-\u003eLab acceptance rules\".\naccept på labben innebär att man inte kan lämna in igen \n(men inte att det är \"godkänd\")\nreject på labben att man kan eller måste lämna in igen och kan ev. få 1p till.\nOm du får retur på bara en uppgift, lämna bara in den uppgiften nästa gång.\n-------------------------------------------------------------------------------\n",
	"teacher": "Richard Sundqvist",
	"group": "",
	"assignment": "",
	"done": false
}